"AcceptedTaxonID","CommonName","Transliteration","Language","Country","Area","ReferenceID"
10657,"Alle",,"Marshallese","MH","Marshall Is",12356
10657,"Arinai",,"Kiribati","KI","Kiribati",27857
10657,"Arinamawa",,"Kiribati","KI","Kiribati",27857
10657,"Bagondon",,"Visayan","PH","Philippines",2858
10657,"Bagundun",,"Ilokano","PH","Philippines",31411
10657,"Balaki",,"Ilokano","PH","Philippines",58652
10657,"Bankilan",,"Tagalog","PH","Philippines",58652
10657,"Banog",,"Other","PH","Philippines",58652
10657,"Bayan",,"Malay","MY","Malaysia",5756
10657,"Bechok",,"Malay","MY","Malaysia",85449
10657,"Bugay-bugay",,"Visayan","PH","Philippines",58652
10657,"Bunak",,"Tagalog","PH","Philippines",47588
10657,"Bungat",,"Tagalog","PH","Philippines",2857
10657,"Buntugon",,"Cebuano","PH","Philippines",31411
10657,"Cave",,"Fwâi","NC","New Caledonia",5970
10657,"Danlugan",,"Other","PH","Philippines",58652
10657,"drividrivi",,"Fijian","FJ","Fiji",79890
10657,"Galihikkae",,"Mahl","IN","India",47702
10657,"Garde police",,"Creole, French","MU","Mauritius",5503
10657,"Girelle paon de Hardwicke",,"French","MU","Mauritius",5503
10657,"Girelle taches d'encre",,"French","MV","Maldives",5579
10657,"Isdang bato",,"Tagalog","PH","Philippines",58652
10657,"Kaashi hikaa",,"Maldivian","MV","Maldives",6113
10657,"Ketarap",,"Malay","MY","Malaysia",85449
10657,"Kolodau",,"Gela","SB","Solomon Is",26367
10657,"Kuppichulam",,"Malayalam","IN","India",47702
10657,"Labayan",,"Cebuano","PH","Philippines",31411
10657,"Labayan",,"Ilokano","PH","Philippines",31411
10657,"Labayan",,"Visayan","PH","Philippines",2857
10657,"Labayan",,"Waray-waray","PH","Philippines",31411
10657,"Lampalampa",,"Other","PH","Philippines",58652
10657,"Lape-ele'ele",,"Samoan","WS","Samoa",592
10657,"Liburbur",,"Carolinian","MP","N Marianas",6305
10657,"Lubayan",,"Waray-waray","PH","Philippines",31411
10657,"Lubay-Labayan",,"Surigaonon","PH","Philippines",31411
10657,"Lubay-lubay",,"Other","PH","Philippines",58652
10657,"Lubay-lubayan",,"Surigaonon","PH","Philippines",31411
10657,"Lulukdayan",,"Tagbanwa Calamian","PH","Philippines",
10657,"Mameng",,"Tagalog","PH","Philippines",31411
10657,"Maringyan",,"Bikol","PH","Philippines",58652
10657,"Molmol",,"Other","PH","Philippines",58652
10657,"Moon wrasse",,"English","MY","Malaysia",85449
10657,"Nihola",,"Malayalam","IN","India",47702
10657,"Nila-nila",,"Malay","MY","Malaysia",85449
10657,"Nuri",,"Malay","MY","Malaysia",85449
10657,"Nuri belang ",,"Malay","MY","Malaysia",85449
10657,"Pakou",,"Tuamotuan",,"Tuamoto Is",12415
10657,"Parrotfish",,"English","MY","Malaysia",4789
10657,"Pilo-pilo",,"Other","PH","Philippines",58652
10657,"Pirat-pirat",,"Other","PH","Philippines",58652
10657,"Po'ou",,"Tahitian",,"Tahiti",13767
10657,"Senasujibera",,"Japanese","JP","Japan",6110
10657,"Senganangan",,"Carolinian","MP","N Marianas",6306
10657,"Sesbalk-lipvis",,"Afrikaans","ZA","South Africa",4392
10657,"Six-banded wrasse",,"English","AU","Australia",75154
10657,"Six-banded wrasse",,"English","MY","Malaysia",85449
10657,"Six-banded wrasse",,"English","PG","Papua N Guin",41468
10657,"Sixbar wrasse ",,"English","MY","Malaysia",85449
10657,"Sixbar wrasse",,"English","AU","Australia",2334
10657,"Sixbar wrasse",,"English","SB","Solomon Is",26367
10657,"Sixbar wrasse",,"English","GU","Guam",1602
10657,"Sixbar wrasse",,"English","MU","Mauritius",5503
10657,"Sixbar wrasse",,"English","NU","Niue",3804
10657,"Sixbar wrasse",,"English","FM","Micronesia",3807
10657,"Sixbar wrasse",,"English","PH","Philippines",31411
10657,"Sixbar wrasse",,"English","ZA","South Africa",4392
10657,"Sixbar wrasse",,"English","GB","UK",30573
10657,"Sixbar wrasse",,"English","US","USA",1602
10657,"Sixbarred wrasse",,"English","CX","Christmas I.",30874
10657,"Six-barred wrasse",,"English","ID","Indonesia",48636
10657,"Six-barred wrasse",,"English","MV","Maldives",4907
10657,"Six-barred wrasse",,"English","PG","Papua N Guin",6192
10657,"Soh karang",,"Malay","ID","Indonesia",6107
10657,"Sugale-a'au",,"Samoan","WS","Samoa",592
10657,"Talasoma hardwika",,"Polish","PL","Poland",6313
10657,"Tamago",,"Visayan","PH","Philippines",58652
10657,"Tamarin",,"French","SC","Seychelles",1623
10657,"Tangalangal",,"Carolinian","FM","Micronesia",3807
10657,"Tausay",,"Other","PH","Philippines",58652
10657,"Te arinaimawa",,"Kiribati","KI","Kiribati",11071
10657,"Tokak",,"Malay","MY","Malaysia",85449
10657,"Tolobil",,"Misima-Paneati","PG","Papua N Guin",41468
10657,"Verde verde",,"Ilokano","PH","Philippines",58652
10657,"Wrasse",,"English","MY","Malaysia",85449
10657,"??????????",,"Malayalam","IN","India",
10657,"?????",,"Malayalam","IN","India",
10657,"????","ha shih jin yu","Mandarin Chinese","TW","Taiwan",31517
10657,"????","Ha shi jin yu","Mandarin Chinese","CN","China Main",58108
10657,"????","Shih shih jin yu","Mandarin Chinese","CN","China Main",31517
10657,"????","Shi shi jin yu","Mandarin Chinese","CN","China Main",58108
10657,"????","an ban jin yu","Mandarin Chinese","CN","China Main",31517
10657,"????","An ban jin yu","Mandarin Chinese","CN","China Main",58108
22954,"Adlo",,"Surigaonon","PH","Philippines",31411
22954,"Aji",,"Hawaiian",,"Hawaii",4887
22954,"Akpala",,"Ewe","TG","Togo",52868
22954,"Akule",,"Hawaiian",,"Hawaii",4390
22954,"Anduhaw",,"Surigaonon","PH","Philippines",31411
22954,"Aramea",,"Tahitian",,"Tahiti",4795
22954,"'Aramea",,"Tahitian",,"Tahiti",13767
22954,"Atulai",,"Chamorro","GU","Guam",1602
22954,"Atulai",,"Carolinian","MP","N Marianas",6273
22954,"Atulay",,"Bikol","PH","Philippines",58652
22954,"Atule",,"Wallisian","WF","Wallis Fut I",84356
22954,"Atule",,"Niuean","NU","Niue",3804
22954,"Atule",,"Tokelauan","TK","Tokelau",7137
22954,"Atule",,"Samoan","WS","Samoa",592
22954,"Ature",,"Other","PF","Fr Polynesia",12432
22954,"Ature",,"Tahitian",,"Tahiti",4795
22954,"Balegge",,"Arabic","BH","Bahrain",3277
22954,"Bangada",,"Malayalam","IN","India",47702
22954,"Basung",,"Malay","MY","Malaysia",85449
22954,"Bentong",,"Javanese","ID","Indonesia",6107
22954,"Big eye scad",,"English","PH","Philippines",47573
22954,"Big eye scad",,"English","MM","Myanmar",5736
22954,"Big eye scad",,"English","IN","India",46402
22954,"Bigeye scad",,"English","AU","Australia",75154
22954,"Bigeye Scad",,"English","CU","Cuba",54206
22954,"Bigeye scad ",,"English","MY","Malaysia",85449
22954,"Bigeye scad",,"English","MX","Mexico",52299
22954,"Bigeye scad",,"English","MP","N Marianas",53190
22954,"Bigeye scad",,"English","BS","Bahamas",5521
22954,"Bigeye scad",,"English","DJ","Djibouti",5450
22954,"Bigeye scad",,"English","GU","Guam",1602
22954,"Bigeye scad",,"English","IN","India",6867
22954,"Bigeye scad",,"English","JM","Jamaica",35141
22954,"Bigeye scad",,"English","MZ","Mozambique",5284
22954,"Bigeye scad",,"English","AN","NethAntilles",35205
22954,"Bigeye scad",,"English","PH","Philippines",31411
22954,"Bigeye scad",,"English","PR","Puerto Rico",26235
22954,"Bigeye scad",,"English","VN","Viet Nam",46970
22954,"Bigeye scad",,"English","ZA","South Africa",3197
22954,"Bigeye scad",,"English","GB","UK",83882
22954,"Bigeye scad",,"English","US","USA",52299
22954,"Big-eye scad",,"English","MY","Malaysia",4789
22954,"Big-eye scad",,"English","NU","Niue",3804
22954,"Bigeye scad atulai",,"English","FM","Micronesia",3807
22954,"Big-eyed scad",,"English",,"Hawaii",4390
22954,"Bigsawan",,"Visayan","PH","Philippines",2857
22954,"Bolla",,"Sinhalese","LK","Sri Lanka",85538
22954,"Bonito ojon",,"Spanish","NI","Nicaragua",13613
22954,"Bonito ojón",,"Spanish","CR","Costa Rica",3277
22954,"Bonitom",,"Creole, Portuguese","CV","Cape Verde",27000
22954,"Budlatan",,"Cebuano","PH","Philippines",31411
22954,"Bulao",,"Visayan","PH","Philippines",2857
22954,"Bulaw",,"Visayan","PH","Philippines",58652
22954,"Buma",,"Gela","SB","Solomon Is",26367
22954,"Bunutan",,"Tagalog","PH","Philippines",2857
22954,"Burao",,"Tagalog","PH","Philippines",31411
22954,"Cá Bè tráo m?t to",,"Vietnamese","VN","Viet Nam",46970
22954,"Cá Tráo m?t to",,"Vietnamese","VN","Viet Nam",46893
22954,"Caballa ojona",,"Spanish","EC","Ecuador",40498
22954,"Carapau",,"Portuguese","BR","Brazil",3277
22954,"Carapau",,"Portuguese","MZ","Mozambique",5284
22954,"Carapau",,"Creole, Portuguese","ST","Sao Tome Prn",34088
22954,"Carapau preto",,"Portuguese","MZ","Mozambique",5213
22954,"Carapau-preto",,"Portuguese","AO","Angola",3166
22954,"Cataco",,"Spanish","VE","Venezuela",3277
22954,"Cataco ojón",,"Spanish","VE","Venezuela",51848
22954,"Chamban",,"Malayalam","IN","India",47699
22954,"Charrito ojón",,"Spanish","MX","Mexico",52299
22954,"Charro preto",,"Portuguese","CV","Cape Verde",37413
22954,"Charro-preto",,"Portuguese","AO","Angola",3166
22954,"Charro-preto",,"Portuguese","CV","Cape Verde",27000
22954,"Charro-preto",,"Portuguese","PT","Portugal",26388
22954,"Chicharo",,"Spanish","CV","Cape Verde",7193
22954,"Chicharra",,"Spanish","CO","Colombia",26235
22954,"Chicharro",,"Portuguese","BR","Brazil",54972
22954,"Chicharro",,"Creole, Portuguese","CV","Cape Verde",37413
22954,"Chicharro",,"English","CU","Cuba",35205
22954,"Chicharro",,"Spanish","CU","Cuba",26340
22954,"Chicharro",,"Spanish","DO","Dominican Rp",26235
22954,"Chicharro",,"English","GP","Guadeloupe",35205
22954,"Chicharro",,"English","MQ","Martinique",35205
22954,"Chicharro",,"Spanish","MX","Mexico",3277
22954,"Chicharro",,"English","PR","Puerto Rico",35205
22954,"Chicharro",,"Spanish","PR","Puerto Rico",26235
22954,"Chicharro",,"English","VE","Venezuela",35205
22954,"Chicharro",,"Spanish","VE","Venezuela",26235
22954,"Chicharro común",,"Spanish","DO","Dominican Rp",26235
22954,"Chicharro ojon",,"Spanish","CV","Cape Verde",37413
22954,"Chicharro ojon",,"Spanish","NI","Nicaragua",13613
22954,"Chicharro ojón",,"Spanish","CO","Colombia",3277
22954,"Chicharro ojón",,"Spanish","MX","Mexico",27736
22954,"Chicharro ojón",,"Spanish","ES","Spain",82178
22954,"Chicharro ojõn",,"Spanish","MZ","Mozambique",5284
22954,"Chicharro ojotón",,"Spanish","MX","Mexico",37955
22954,"Chicharro olho-grande",,"Portuguese","BR","Brazil",42063
22954,"Chicharro-olho-grande",,"Portuguese","BR","Brazil",42063
22954,"Chicharro-preto",,"Portuguese","AO","Angola",3166
22954,"Chinchard",,"French","PF","Fr Polynesia",4795
22954,"Chinchard",,"French","SN","Senegal",30556
22954,"Chinchard",,"French","TG","Togo",52868
22954,"Chinchard à gros yeux",,"French","SN","Senegal",30556
22954,"Chooparai",,"Tamil","IN","India",6867
22954,"Cobeo",,"Spanish","PR","Puerto Rico",26235
22954,"Cocinero",,"Spanish","GT","Guatemala",3277
22954,"Cojinoa",,"Spanish","PA","Panama",3277
22954,"Cojinua",,"Spanish","PA","Panama",3277
22954,"Couléhou",,"French","HT","Haiti",26235
22954,"Coulihou",,"French","AG","Antigua Barb",35205
22954,"Coulihou",,"French","BS","Bahamas",35205
22954,"Coulihou",,"French","BB","Barbados",35205
22954,"Coulihou",,"French","GD","Grenada",35205
22954,"Coulihou",,"French","GP","Guadeloupe",35205
22954,"Coulihou",,"French","JM","Jamaica",35205
22954,"Coulihou",,"French","MQ","Martinique",35205
22954,"Coulihou",,"French","MS","Montserrat",35205
22954,"Coulihou",,"French","KN","St Kitts Nev",35205
22954,"Coulihou",,"French","AI","Anguilla",35205
22954,"Coulihou",,"French","LC","Saint Lucia",35205
22954,"Coulihou",,"French","VC","St Vincent",35205
22954,"Coulihou",,"French","TT","Trinidad Tob",35205
22954,"Coulirou",,"French","AG","Antigua Barb",35205
22954,"Coulirou",,"French","BB","Barbados",35205
22954,"Coulirou",,"French","GD","Grenada",35205
22954,"Coulirou",,"French","GP","Guadeloupe",35205
22954,"Coulirou",,"French","JM","Jamaica",35205
22954,"Coulirou",,"French","MQ","Martinique",35205
22954,"Coulirou",,"French","MS","Montserrat",35205
22954,"Coulirou",,"French","KN","St Kitts Nev",35205
22954,"Coulirou",,"French","AI","Anguilla",35205
22954,"Coulirou",,"French","LC","Saint Lucia",35205
22954,"Coulirou",,"French","VC","St Vincent",35205
22954,"Coulirou",,"French","TT","Trinidad Tob",35205
22954,"Coulisou",,"French","GF","Fr Guiana",3277
22954,"Coulisou",,"Creole, French","MQ","Martinique",3277
22954,"Coulouhou",,"French","HT","Haiti",26235
22954,"Dà mù",,"Mandarin Chinese","CN","China Main",11230
22954,"Derdaman",,"Arabic","QA","Qatar",6365
22954,"Ettou",,"Marshallese","MH","Marshall Is",28989
22954,"Fouadroudrou",,"Komoro","KM","Comoros",11888
22954,"Gangu",,"Papiamento","AN","NethAntilles",35205
22954,"Garajuba",,"Portuguese","BR","Brazil",38265
22954,"Garapau",,"Portuguese","BR","Brazil",38265
22954,"Ge kou",,"Mandarin Chinese","CN","China Main",11230
22954,"Gish-e-chashmdorosht",,"Persian","IR","Iran",47613
22954,"Goggle-eye",,"English","BS","Bahamas",27431
22954,"Goggle-eye",,"English","GY","Guyana",26235
22954,"Goggle-eye",,"English","JM","Jamaica",26235
22954,"Goggle-eye",,"English","US","USA",35205
22954,"Goggle-eyed scad",,"English","GP","Guadeloupe",35205
22954,"Goggle-eyed scad",,"English","MQ","Martinique",35205
22954,"Goggle-eyed scad",,"English","PR","Puerto Rico",26235
22954,"Goggle-eyed scad",,"English","US","USA",35205
22954,"Goggler",,"English","PR","Puerto Rico",26235
22954,"Grootoog-skad",,"Afrikaans","ZA","South Africa",3197
22954,"Gros coulirou",,"French","FR","France",50675
22954,"Guarajuba",,"Portuguese","BR","Brazil",38265
22954,"Guma-a",,"Visayan","PH","Philippines",58652
22954,"Gurapau",,"Portuguese","BR","Brazil",42063
22954,"Gurapu",,"Portuguese","BR","Brazil",38265
22954,"Gutlob",,"Visayan","PH","Philippines",2857
22954,"Gwenzenze",,"Portuguese","MZ","Mozambique",5284
22954,"Haguma-a",,"Visayan","PH","Philippines",2857
22954,"Hahalalu",,"Hawaiian",,"Hawaii",583
22954,"Haima",,"Arabic","OM","Oman",6365
22954,"Halalu",,"Hawaiian",,"Hawaii",4887
22954,"Hanale",,"Komoro","KM","Comoros",11888
22954,"Hiting",,"Chamorro","MP","N Marianas",53190
22954,"Horse mackerel",,"English","IN","India",47699
22954,"Horse-eye jack",,"English","AG","Antigua Barb",35205
22954,"Jack",,"English","VI","US Virgin Is",26180
22954,"Jackfish",,"English","AG","Antigua Barb",35205
22954,"Jalu-jalu",,"Malay","MY","Malaysia",85449
22954,"Jamah",,"Malay","MY","Malaysia",85449
22954,"Jay",,"Wolof","SN","Senegal",30556
22954,"Jiguagua",,"Spanish","MX","Mexico",3277
22954,"Juama",,"Kumak","NC","New Caledonia",6026
22954,"Jurel de ojo grande",,"Spanish","PE","Peru",5530
22954,"Jurel ojón",,"Spanish","PR","Puerto Rico",26235
22954,"Jurelito ojo grande",,"Spanish","EC","Galapagos Is",5227
22954,"Karaba bangada",,"Gujarati","IN","India",46402
22954,"Karaba bangada",,"Marathi","IN","India",46402
22954,"Karkata-bangada",,"Marathi","IN","India",6867
22954,"Kibua-macho",,"Swahili","TZ","Tanzania",2871
22954,"Komene",,"Tuamotuan",,"Tuamoto Is",12415
22954,"Koulirou",,"Creole, French","MQ","Martinique",35105
22954,"Kpintomessis ou chiyi",,"Fon GBE","BJ","Benin",6315
22954,"Kuriles",,"Pangasinan","PH","Philippines",2857
22954,"Kutob",,"Cebuano","PH","Philippines",31411
22954,"Labiao",,"Kuyunon","PH","Philippines",2857
22954,"Lampudok (Brunei)",,"Malay","MY","Malaysia",85449
22954,"Lecek",,"Malay","MY","Malaysia",85449
22954,"Lolong",,"Malay","MY","Malaysia",5756
22954,"Lolong jalur",,"Malay","MY","Malaysia",85449
22954,"Lolong mata besar ",,"Malay","MY","Malaysia",85449
22954,"Lolong merah",,"Malay","MY","Malaysia",85449
22954,"Lumahan",,"Maranao/Samal/Tao Sug","PH","Philippines",2857
22954,"Macho-gololi",,"Swahili","TZ","Tanzania",2871
22954,"Mackerel",,"Creole, French","MU","Mauritius",11888
22954,"Mahalokybevara",,"Malagasy","MG","Madagascar",11888
22954,"Makro gro lizye",,"Creole, French","SC","Seychelles",11888
22954,"Mapuao",,"Tagalog","PH","Philippines",2857
22954,"Mapuaw",,"Tagalog","PH","Philippines",58652
22954,"Maquereau gros veux",,"French","NC","New Caledonia",6026
22954,"Marot",,"Hiligaynon","PH","Philippines",31411
22954,"Marot",,"Visayan","PH","Philippines",5730
22954,"Marsbanker",,"Dutch","AN","NethAntilles",35205
22954,"Masbangu",,"Papiamento","AN","NethAntilles",35205
22954,"Mata besar",,"Malay","MY","Malaysia",4789
22954,"Mataan",,"Visayan","PH","Philippines",58652
22954,"Mataan",,"Ilokano","PH","Philippines",31411
22954,"Mataan",,"Pangasinan","PH","Philippines",2857
22954,"Mataan",,"Tagalog","PH","Philippines",31411
22954,"Mataheheva",,"Tongan","TO","Tonga",40762
22954,"Matambaka",,"Davawenyo","PH","Philippines",43437
22954,"Matambaka",,"Waray-waray","PH","Philippines",31411
22954,"Mat-an",,"Hiligaynon","PH","Philippines",31411
22954,"Mat-an",,"Visayan","PH","Philippines",5730
22954,"Matang baka",,"Banton","PH","Philippines",2857
22954,"Matang baka",,"Bikol","PH","Philippines",2857
22954,"Matang baka",,"Davawenyo","PH","Philippines",31411
22954,"Matang baka",,"Kapampangan","PH","Philippines",2857
22954,"Matang baka",,"Kuyunon","PH","Philippines",2857
22954,"Matang baka",,"Magindanaon","PH","Philippines",31411
22954,"Matang baka",,"Tagalog","PH","Philippines",2857
22954,"Matang baka",,"Waray-waray","PH","Philippines",31411
22954,"Matangbaka",,"Agutaynen","PH","Philippines",31411
22954,"Matangbaka",,"Bikol","PH","Philippines",31411
22954,"Matangbaka",,"Cebuano","PH","Philippines",31411
22954,"Matangbaka",,"Ilokano","PH","Philippines",31411
22954,"Matangbaka",,"Kagayanen","PH","Philippines",31411
22954,"Matangbaka",,"Kuyunon","PH","Philippines",31411
22954,"Matangbaka",,"Maranao/Samal/Tao Sug","PH","Philippines",31411
22954,"Matangbaka",,"Pangasinan","PH","Philippines",31411
22954,"Matang-baka",,"Bikol","PH","Philippines",31411
22954,"Me-aji",,"Japanese","JP","Japan",559
22954,"Medregal",,"Spanish","MX","Mexico",3277
22954,"Melão",,"Creole, Portuguese","CV","Cape Verde",27000
22954,"Murimas",,"Mahl","IN","India",47702
22954,"Nato",,"Samoan","WS","Samoa",592
22954,"Nengb",,"Wolof","SN","Senegal",30556
22954,"Nyamuhe",,"Portuguese","MZ","Mozambique",5284
22954,"Nyaô",,"Fwâi","NC","New Caledonia",5970
22954,"Ofe",,"Tahitian",,"Tahiti",12402
22954,"Ofee",,"Tahitian",,"Tahiti",12402
22954,"Ohee",,"Tahitian",,"Tahiti",12402
22954,"Ojo gordo",,"Spanish","CO","Colombia",56479
22954,"Ojón",,"Spanish","CO","Colombia",56479
22954,"Ojón",,"Spanish","PA","Panama",3277
22954,"Ojona",,"Spanish","EC","Ecuador",3277
22954,"Ojoton",,"Spanish","MX","Mexico",3277
22954,"Ojoton",,"Spanish","PE","Peru",3277
22954,"Olhão",,"Portuguese","BR","Brazil",38265
22954,"Olho largo",,"Creole, Portuguese","CV","Cape Verde",37413
22954,"Olho largo",,"Spanish","CV","Cape Verde",7193
22954,"Olho-largo",,"Creole, Portuguese","CV","Cape Verde",27000
22954,"Olhudo",,"Portuguese","BR","Brazil",38265
22954,"Orare",,"Tahitian",,"Tahiti",4795
22954,"Orare",,"Rapa","PF","Fr Polynesia",6784
22954,"'Orare",,"Tahitian",,"Tahiti",13767
22954,"Pa'a'a",,"Hawaiian",,"Hawaii",583
22954,"Papa",,"Gela","SB","Solomon Is",26367
22954,"Pati",,"Carolinian","FM","Micronesia",3807
22954,"Pati",,"Marshallese","MH","Marshall Is",28989
22954,"Páti",,"Carolinian","MP","N Marianas",6306
22954,"Pêche cavale",,"French","FR","France",81519
22954,"Pêche-cavale",,"French","RE","Reunion",11888
22954,"Pelata bulat",,"Malay","MY","Malaysia",5756
22954,"Pepona",,"Spanish","EC","Ecuador",3277
22954,"Pepona ojona",,"Spanish","EC","Ecuador",55763
22954,"Purse-eye scad",,"English","ID","Indonesia",48635
22954,"Purse-eyed scad",,"English","MY","Malaysia",85449
22954,"Purse-eyed scad",,"English","PH","Philippines",58652
22954,"Purse-eyed scad",,"English",,"Hawaii",58302
22954,"Purse-eyed scad",,"English","AU","Australia",3277
22954,"Purse-eyed scad",,"English","SB","Solomon Is",26367
22954,"Purse-eyed scad",,"English","PG","Papua N Guin",6192
22954,"Sabalo de ojo grande",,"Spanish","MX","Mexico",3277
22954,"Sabalo de ojo grande",,"Spanish","PE","Peru",3277
22954,"Sae-ga-ra-ji",,"Korean","KR","Korea Rep",11230
22954,"Salai-salai",,"Malay","MY","Malaysia",85449
22954,"Samban",,"Tagbanwa Calamian","PH","Philippines",
22954,"Sanglar (Brunei)",,"Malay","MY","Malaysia",85449
22954,"Scad",,"English","US","USA",30426
22954,"Selar",,"Malay","MY","Malaysia",4789
22954,"Selar bentong",,"Malay","ID","Indonesia",6107
22954,"Selar coulisou",,"French","FR","France",171
22954,"Selar coulisou",,"French","MZ","Mozambique",5284
22954,"Sélar coulisou",,"French","FR","France",82178
22954,"Sélar coulisou",,"French","DJ","Djibouti",5450
22954,"Sélar coulisson",,"French","FR","France",81519
22954,"Sélar gros yeux",,"French","FR","France",50675
22954,"Selar kuning jantan",,"Malay","MY","Malaysia",85449
22954,"Selar pucat",,"Malay","MY","Malaysia",5756
22954,"Selar wielkooki",,"Polish","PL","Poland",6313
22954,"Silver scad",,"English","FJ","Fiji",40762
22954,"Silver scad",,"English","PF","Fr Polynesia",4821
22954,"Silver scad",,"Tongan","TO","Tonga",40762
22954,"Sima",,"Arabic","OM","Oman",6365
22954,"Steenbrass",,"English","SH","St Helena",4905
22954,"Storøjet selar",,"Danish","DK","Denmark",51471
22954,"Sussand",,"French","SC","Seychelles",1623
22954,"Tamalito",,"Spanish","SV","El Salvador",3277
22954,"Tamarong",,"Cebuano","PH","Philippines",31411
22954,"Tamarong",,"Hiligaynon","PH","Philippines",31411
22954,"Taupapa",,"Samoan","WS","Samoa",592
22954,"Teka",,"Creole, French","SC","Seychelles",11888
22954,"Temenong",,"Malay","MY","Malaysia",5756
22954,"Terekrik",,"Palauan","PW","Palau",10415
22954,"Tingin",,"Bikol","PH","Philippines",2857
22954,"Tingin",,"Tagalog","PH","Philippines",2857
22954,"Torro",,"Creole, English","PG","Papua N Guin",3277
22954,"Tou",,"Marshallese","MH","Marshall Is",28989
22954,"Tua bak",,"Malay","MY","Malaysia",85449
22954,"Tugadra",,"Fijian","FJ","Fiji",40762
22954,"Tulai",,"Malay","MY","Malaysia",85449
22954,"Tulay",,"Chavacano","PH","Philippines",31411
22954,"Tulay",,"Cotabato Chavacano","PH","Philippines",31411
22954,"Tulay",,"Davawenyo","PH","Philippines",31411
22954,"Tulay",,"Maranao/Samal/Tao Sug","PH","Philippines",31411
22954,"Utdan",,"Tagbanwa Calamian","PH","Philippines",
22954,"Xixarro",,"Portuguese","BR","Brazil",42072
22954,"Xixarro-olho-grande",,"Portuguese","BR","Brazil",38265
22954,"Yatule",,"Fijian","FJ","Fiji",10415
22954,"Yatulele",,"Fijian","FJ","Fiji",68063
22954,"Zhi yan ao jian shen",,"Mandarin Chinese","CN","China Main",11230
22954,"???????? ????????????","Stavrida bolsheglazaya","Russian","RU","Russian Fed",48321
22954,"???????? -?????","Stavrida-selar","Russian","RU","Russian Fed",48321
22954,"?????? ??????",,"Marathi","IN","India",
22954,"?????? ??????",,"Marathi","IN","India",
22954,"???? ?????","Karaba bangada","Gujarati","IN","India",
22954,"?????? ",,"Tamil","IN","India",
22954,"???????",,"Tamil","IN","India",
22954,"?????",,"Malayalam","IN","India",
22954,"??????",,"Malayalam","IN","India",
22954,"???????? ",,"Malayalam","IN","India",
22954,"??? ",,"Malayalam","IN","India",
22954,"????","Saegaraji","Korean","KR","Korea Rep",77001
22954,"???","Da mu kong","Mandarin Chinese","CN","China Main",58108
22954,"???","da mu kong","Mandarin Chinese","TW","Taiwan",31517
22954,"????","Da mu ba long","Mandarin Chinese","CN","China Main",58108
22954,"????","da mu ba long","Mandarin Chinese","TW","Taiwan",40116
22954,"????","Da mu gua zai","Mandarin Chinese","CN","China Main",58108
22954,"????","da mu gua zai","Mandarin Chinese","TW","Taiwan",40116
22954,"?????","jhih yan ao jian shen","Mandarin Chinese","CN","China Main",31517
22954,"?????","jhih yan ao jian shen","Mandarin Chinese","TW","Taiwan",31517
22954,"?????","Zhi yan ao jian shen","Mandarin Chinese","CN","China Main",58108
23106,"Alumahan",,"Maranao/Samal/Tao Sug","PH","Philippines",31411
23106,"Antonino",,"Spanish","CO","Colombia",3277
23106,"Antonino",,"Spanish","CU","Cuba",26235
23106,"Antonino",,"Spanish","MX","Mexico",3277
23106,"Antonino caballita",,"Spanish","CU","Cuba",26340
23106,"Atuleau",,"Palauan","PW","Palau",10415
23106,"Atuleau",,"Samoan","WS","Samoa",592
23106,"Baleg",,"Arabic","OM","Oman",6365
23106,"Bancloche",,"French","FR","France",81519
23106,"Bancloche",,"Creole, French","RE","Reunion",33390
23106,"Barraniti",,"Ilokano","PH","Philippines",31411
23106,"Basung",,"Malay","MY","Malaysia",85449
23106,"Bengol",,"Malay","CX","Christmas I.",30874
23106,"Bodloy",,"Surigaonon","PH","Philippines",31411
23106,"Borot",,"Cebuano","PH","Philippines",31411
23106,"Budboron",,"Visayan","PH","Philippines",58652
23106,"Budburon",,"Cebuano","PH","Philippines",31411
23106,"Bud-loy",,"Surigaonon","PH","Philippines",31411
23106,"Buraw",,"Other","PH","Philippines",58652
23106,"Burot",,"Davawenyo","PH","Philippines",31411
23106,"Burot (yellow tail)",,"Cebuano","PH","Philippines",31411
23106,"Burot-burot",,"Cebuano","PH","Philippines",31411
23106,"Caballa",,"Spanish","PR","Puerto Rico",3277
23106,"Caballa amarilla",,"Spanish","PR","Puerto Rico",26235
23106,"Caballa azul",,"Papiamento","PR","Puerto Rico",35205
23106,"Caballa azul",,"Spanish","PR","Puerto Rico",3277
23106,"Caballeta",,"Spanish","CO","Colombia",3277
23106,"Caballeta macarela",,"Spanish","CO","Colombia",56479
23106,"Caballla amarilla",,"Spanish","PR","Puerto Rico",35205
23106,"Carangue maquereau",,"French","PF","Fr Polynesia",4795
23106,"Carapau",,"Portuguese","BR","Brazil",38265
23106,"Carapau cavala",,"Portuguese","MZ","Mozambique",5213
23106,"Carapau cavala",,"Creole, Portuguese","ST","Sao Tome Prn",34088
23106,"Cavala",,"Creole, Portuguese","CV","Cape Verde",27000
23106,"Cavala preta",,"Creole, Portuguese","CV","Cape Verde",37413
23106,"Cavala-preta",,"Creole, Portuguese","CV","Cape Verde",27000
23106,"Cavalinha",,"Portuguese","BR","Brazil",38265
23106,"Cavalinha de reis",,"Portuguese","BR","Brazil",3277
23106,"Cavalinha-do-reis",,"Portuguese","BR","Brazil",38265
23106,"Charro-olho-largo",,"Portuguese","CV","Cape Verde",37413
23106,"Chicharro",,"Portuguese","BR","Brazil",42063
23106,"Chicharro",,"Spanish","DO","Dominican Rp",26235
23106,"Chicharro-alamarim",,"Portuguese","BR","Brazil",42063
23106,"Chicharro-calabar",,"Portuguese","BR","Brazil",54972
23106,"Chicharro-cavala",,"Portuguese","BR","Brazil",54972
23106,"Chuparaco",,"Spanish","VE","Venezuela",26235
23106,"Cigarfish",,"English","CU","Cuba",35205
23106,"Cigarfish",,"English","US","USA",35205
23106,"Comète maquereau",,"French","FR","France",82178
23106,"Da-guec",,"Fwâi","NC","New Caledonia",5970
23106,"Galonggong",,"Agutaynen","PH","Philippines",31411
23106,"Galonggong",,"Cebuano","PH","Philippines",31411
23106,"Galonggong",,"Magindanaon","PH","Philippines",31411
23106,"Galonggong",,"Maranao/Samal/Tao Sug","PH","Philippines",31411
23106,"Galonggong",,"Tagalog","PH","Philippines",31411
23106,"Galunggong",,"Cebuano","PH","Philippines",31411
23106,"Galunggong",,"Kuyunon","PH","Philippines",31411
23106,"Galunggong",,"Other","PH","Philippines",31411
23106,"Galunggong",,"Tagalog","PH","Philippines",31411
23106,"Galunggong",,"Tagbanwa Calamian","PH","Philippines",31411
23106,"Galunggong",,"Waray-waray","PH","Philippines",31411
23106,"Garapau",,"Portuguese","BR","Brazil",54968
23106,"Gulhalet hestemakrel",,"Danish","DK","Denmark",51471
23106,"Jurel fino",,"Spanish","EC","Ecuador",55763
23106,"Karabalyas",,"Surigaonon","PH","Philippines",31411
23106,"Kingston",,"English","SH","St Helena",5288
23106,"Komene",,"Tuamotuan",,"Tuamoto Is",12415
23106,"Kusaya-moro",,"Japanese","JP","Japan",559
23106,"Lungu",,"Swahili","TZ","Tanzania",2871
23106,"Macarela",,"Spanish","CO","Colombia",56479
23106,"Macarela",,"Spanish","VE","Venezuela",3277
23106,"Macarela caballa",,"Spanish","MX","Mexico",52299
23106,"Macarela caballa",,"Spanish","MX","Mexico",27736
23106,"Macarela caballa",,"Spanish","NI","Nicaragua",13613
23106,"Macarela caballa",,"Spanish","ES","Spain",82178
23106,"Macarela canalera",,"Spanish","VE","Venezuela",51848
23106,"Macarella cabala",,"Spanish","NI","Nicaragua",13613
23106,"Mackerel",,"English","GP","Guadeloupe",35205
23106,"Mackerel",,"English","MQ","Martinique",35205
23106,"Mackerel scad",,"English","AU","Australia",75154
23106,"Mackerel scad ",,"English","MY","Malaysia",85449
23106,"Mackerel scad",,"English","BS","Bahamas",5521
23106,"Mackerel scad",,"English","CX","Christmas I.",30874
23106,"Mackerel scad",,"English","CU","Cuba",35205
23106,"Mackerel scad",,"English","PF","Fr Polynesia",4795
23106,"Mackerel scad",,"English","ID","Indonesia",48635
23106,"Mackerel scad",,"English","FM","Micronesia",3807
23106,"Mackerel scad",,"English","PG","Papua N Guin",6192
23106,"Mackerel scad",,"English","PH","Philippines",31411
23106,"Mackerel scad",,"English","PT","Azores Is",35204
23106,"Mackerel scad",,"English","PR","Puerto Rico",26235
23106,"Mackerel scad",,"English","ZA","South Africa",3197
23106,"Mackerel scad",,"English","GB","UK",83882
23106,"Mackerel scad",,"English","US","USA",52299
23106,"Mackerel scad",,"English",,"Hawaii",4390
23106,"Maka-agum",,"Visayan","PH","Philippines",58652
23106,"Makiyo",,"Creole, French","DM","Dominica",26235
23106,"Makriau",,"French","GP","Guadeloupe",35205
23106,"Makriau",,"French","MQ","Martinique",35205
23106,"Makriel-skad",,"Afrikaans","ZA","South Africa",3197
23106,"Malatindok",,"Cebuano","PH","Philippines",31411
23106,"Malatindok",,"Waray-waray","PH","Philippines",31411
23106,"Malimno",,"Waray-waray","PH","Philippines",31411
23106,"Mamoshig",,"Carolinian","FM","Micronesia",3807
23106,"Maquereau",,"French","GP","Guadeloupe",35205
23106,"Maquereau",,"French","MQ","Martinique",35205
23106,"Marot",,"Hiligaynon","PH","Philippines",31411
23106,"Marot",,"Visayan","PH","Philippines",5730
23106,"Marut",,"Other","PH","Philippines",58652
23106,"Masbangu di piedra",,"Papiamento","AN","NethAntilles",35205
23106,"Matangbaka",,"Maranao/Samal/Tao Sug","PH","Philippines",31411
23106,"Moulo",,"Papiamento","AN","NethAntilles",35205
23106,"Msumari",,"Swahili","TZ","Tanzania",2871
23106,"Namuauli",,"Samoan","WS","Samoa",592
23106,"Ngula-ngula",,"Swahili","TZ","Tanzania",2871
23106,"Opelu",,"Hawaiian",,"Hawaii",4390
23106,"Operu",,"Tahitian",,"Tahiti",4795
23106,"'Operu",,"Tahitian",,"Tahiti",13767
23106,"Pilote",,"French","HT","Haiti",26235
23106,"Pulang buntot",,"Tagalog","PH","Philippines",58652
23106,"Quiaquia",,"Spanish","CU","Cuba",35205
23106,"Robin",,"English","PR","Puerto Rico",26235
23106,"Sardin",,"Malay","MY","Malaysia",85449
23106,"Scad",,"English","US","USA",30426
23106,"Selayang",,"Malay","MY","Malaysia",5756
23106,"Selayang sardine ",,"Malay","MY","Malaysia",85449
23106,"Sibubog",,"Bikol","PH","Philippines",31411
23106,"Sima",,"Arabic","OM","Oman",6365
23106,"Simsimu",,"Swahili","TZ","Tanzania",2871
23106,"Steenmarsbanker",,"Dutch","AN","NethAntilles",35205
23106,"Tabilos",,"Visayan","PH","Philippines",58652
23106,"Tamadios",,"Hiligaynon","PH","Philippines",31411
23106,"Tamarong",,"Visayan","PH","Philippines",58652
23106,"Tamarong",,"Cebuano","PH","Philippines",31411
23106,"Tamodios",,"Visayan","PH","Philippines",5730
23106,"Tayang",,"Cotabato Chavacano","PH","Philippines",31411
23106,"Tilus",,"Bikol","PH","Philippines",58652
23106,"Tonino",,"Spanish","CO","Colombia",3277
23106,"Trzogon skad",,"Polish","PL","Poland",6313
23106,"Tulay",,"Maranao/Samal/Tao Sug","PH","Philippines",31411
23106,"Xixarro",,"Portuguese","BR","Brazil",38265
23106,"Xixarro-branco",,"Portuguese","BR","Brazil",38265
23106,"Xixarro-calabar",,"Portuguese","BR","Brazil",38265
23106,"Xixarro-cavala",,"Portuguese","BR","Brazil",38265
23106,"yatule",,"Fijian","FJ","Fiji",79890
23106,"Zapatero",,"Spanish","DO","Dominican Rp",27620
23106,"????","Ce yi yuan shen","Mandarin Chinese","CN","China Main",58108
23106,"????","Ce yi yuan shen","Mandarin Chinese","CN","China Main",31517
23106,"????","Pulgaraji","Korean","KR","Korea Rep",77001
23106,"????","La yang yuan shen","Mandarin Chinese","CN","China Main",58108
23106,"????","la yang yuan shen","Mandarin Chinese","TW","Taiwan",31517
23106,"???","hong chih wei","Mandarin Chinese","TW","Taiwan",40116
23106,"????","sih lin yuan sao","Mandarin Chinese","CN","China Main",31517
23106,"???","Hong chi wei","Mandarin Chinese","CN","China Main",58108
23106,"????","Xi lin yuan sao","Mandarin Chinese","CN","China Main",58108
23106,"???","ge yuan shen","Mandarin Chinese","TW","Taiwan",31517
23106,"???","Ge yuan shen","Mandarin Chinese","CN","China Main",58108
23107,"Alassan",,"Other","BJ","Benin",6269
23107,"Antonino",,"Spanish","CO","Colombia",3277
23107,"Antonino punteado",,"Spanish","CU","Cuba",26340
23107,"Antonio",,"Spanish","CU","Cuba",35205
23107,"Bologui",,"Susu","GN","Guinea",13697
23107,"Caballa amarilla",,"Spanish","PR","Puerto Rico",3277
23107,"Caballeta punteada",,"Spanish","CO","Colombia",56479
23107,"Carapau",,"Portuguese","BR","Brazil",42071
23107,"Carapau",,"Creole, Portuguese","CV","Cape Verde",27000
23107,"Carapau cavala",,"Creole, Portuguese","ST","Sao Tome Prn",34088
23107,"Carapau-moiro",,"Portuguese","AO","Angola",3166
23107,"Carapau-negrão",,"Portuguese","AO","Angola",3166
23107,"Cavala branca",,"Creole, Portuguese","CV","Cape Verde",37413
23107,"Cavala-branca",,"Creole, Portuguese","CV","Cape Verde",27000
23107,"Cha-cha",,"French","TT","Trinidad Tob",35205
23107,"Charro-moiro",,"Portuguese","AO","Angola",3166
23107,"Charro-moiro",,"Portuguese","CV","Cape Verde",27000
23107,"Charro-moiro",,"Portuguese","PT","Portugal",26388
23107,"Charro-mouro",,"Portuguese","CV","Cape Verde",37413
23107,"Chicharro",,"Portuguese","AO","Angola",3166
23107,"Chicharro",,"Portuguese","BR","Brazil",42071
23107,"Chicharro-branco",,"Portuguese","BR","Brazil",54972
23107,"Chicharro-de-olho-grande",,"Portuguese","BR","Brazil",54972
23107,"Chicharro-moiro",,"Portuguese","AO","Angola",3166
23107,"Chicharro-negrão",,"Portuguese","AO","Angola",3166
23107,"Chicharro-pintado",,"Portuguese","BR","Brazil",54972
23107,"Chiyi",,"Fon GBE","BJ","Benin",6315
23107,"Chuparaco",,"Spanish","VE","Venezuela",3277
23107,"Cigar minnow",,"English","US","USA",
23107,"Cigarfish",,"English","AG","Antigua Barb",35205
23107,"Cigarfish",,"English","BS","Bahamas",35205
23107,"Cigarfish",,"English","BB","Barbados",35205
23107,"Cigarfish",,"English","CU","Cuba",35205
23107,"Cigarfish",,"English","GD","Grenada",35205
23107,"Cigarfish",,"English","GP","Guadeloupe",35205
23107,"Cigarfish",,"English","JM","Jamaica",35205
23107,"Cigarfish",,"English","MQ","Martinique",35205
23107,"Cigarfish",,"English","MS","Montserrat",35205
23107,"Cigarfish",,"English","KN","St Kitts Nev",35205
23107,"Cigarfish",,"English","AI","Anguilla",35205
23107,"Cigarfish",,"English","LC","Saint Lucia",35205
23107,"Cigarfish",,"English","TT","Trinidad Tob",35205
23107,"Cigarfish",,"English","US","USA",35205
23107,"Comète de St. Hélène",,"French","CV","Cape Verde",37413
23107,"comète kia-kia",,"French","FR","France",50675
23107,"Comète quiaquia",,"French","FR","France",82178
23107,"Decàpter",,"Catalan","ES","Spain",57922
23107,"Dotted scad",,"English","AG","Antigua Barb",35205
23107,"Dotted scad",,"English","BS","Bahamas",35205
23107,"Dotted scad",,"English","BB","Barbados",35205
23107,"Dotted scad",,"English","GD","Grenada",35205
23107,"Dotted scad",,"English","GP","Guadeloupe",35205
23107,"Dotted scad",,"English","JM","Jamaica",35205
23107,"Dotted scad",,"English","MQ","Martinique",35205
23107,"Dotted scad",,"English","MS","Montserrat",35205
23107,"Dotted scad",,"English","KN","St Kitts Nev",35205
23107,"Dotted scad",,"English","AI","Anguilla",35205
23107,"Dotted scad",,"English","LC","Saint Lucia",35205
23107,"Dotted scad",,"English","VC","St Vincent",35205
23107,"Dotted scad",,"English","TT","Trinidad Tob",35205
23107,"Dotted scad",,"English","US","USA",35205
23107,"Gefleckte Stachelmakrele",,"German","NA","Namibia",36731
23107,"Gembong",,"Aceh","ID","Indonesia",84015
23107,"Gembung",,"Bahasa Indonesia","ID","Indonesia",84015
23107,"Helena scad",,"English","CV","Cape Verde",37413
23107,"Jurela",,"Spanish","ES","Spain",2737
23107,"Jurelito de cola amarilla",,"Spanish","EC","Galapagos Is",5227
23107,"Kpankpan",,"Ewe","BJ","Benin",6269
23107,"Kurohoshi-muroaji",,"Japanese","JP","Japan",13608
23107,"Macarela",,"Spanish","CO","Colombia",56479
23107,"Macarela",,"Spanish","VE","Venezuela",3277
23107,"Macarela chuparaco",,"Spanish","MX","Mexico",52299
23107,"Macarela chuparaco",,"Spanish","NI","Nicaragua",13613
23107,"Macarela chuparaco",,"Spanish","ES","Spain",83882
23107,"Macarela Helena",,"Spanish","CV","Cape Verde",37413
23107,"Mackerel scad",,"English","CU","Cuba",35205
23107,"Mackerel scad",,"English","PR","Puerto Rico",35205
23107,"Moulo",,"Papiamento","AN","NethAntilles",35205
23107,"Moulo i' pieda",,"Papiamento","AN","NethAntilles",79544
23107,"Moulo i'pieda",,"Papiamento","AN","NethAntilles",35205
23107,"Peixe rei",,"Portuguese","BR","Brazil",42070
23107,"Plettet hestemakrel",,"Danish","DK","Denmark",51471
23107,"Pollock",,"English","SL","Sierra Leone",4743
23107,"Quiaquia",,"French","CU","Cuba",35205
23107,"Quiaquia",,"Spanish","CU","Cuba",35205
23107,"Quiaquia",,"French","GP","Guadeloupe",35205
23107,"Quiaquia",,"French","MQ","Martinique",35205
23107,"Quia-quia",,"French","GP","Guadeloupe",35205
23107,"Robin",,"English","PR","Puerto Rico",58971
23107,"Ronde skad",,"Afrikaans","NA","Namibia",36731
23107,"Ronde skad",,"Afrikaans","ZA","South Africa",3197
23107,"Round robin",,"English","AG","Antigua Barb",35205
23107,"Round robin",,"English","BS","Bahamas",35205
23107,"Round robin",,"English","BB","Barbados",35205
23107,"Round robin",,"English","GD","Grenada",35205
23107,"Round robin",,"English","JM","Jamaica",35205
23107,"Round robin",,"English","MQ","Martinique",35205
23107,"Round robin",,"English","MS","Montserrat",35205
23107,"Round robin",,"English","KN","St Kitts Nev",35205
23107,"Round robin",,"English","AI","Anguilla",35205
23107,"Round robin",,"English","LC","Saint Lucia",35205
23107,"Round robin",,"English","VC","St Vincent",35205
23107,"Round robin",,"English","TT","Trinidad Tob",35205
23107,"Round robin",,"English","US","USA",35205
23107,"Round scad",,"English","ID","Indonesia",84015
23107,"Round scad",,"English","PR","Puerto Rico",50307
23107,"Round scad",,"English","BS","Bahamas",5521
23107,"Round scad",,"English","CU","Cuba",35205
23107,"Round scad",,"English","AN","NethAntilles",35205
23107,"Round scad",,"English","ZA","South Africa",3197
23107,"Round scad",,"English","GB","UK",83882
23107,"Round scad",,"English","US","USA",52299
23107,"Scad",,"English","CU","Cuba",35205
23107,"Scad",,"English","US","USA",30426
23107,"Summer stonebrass",,"English","SH","St Helena",5288
23107,"Surela",,"Spanish","ES","Spain",75549
23107,"Surela",,"Spanish","ES","Spain",5516
23107,"Tabaco",,"Spanish","CO","Colombia",3277
23107,"Trzogon atlantycki",,"Polish","PL","Poland",6313
23107,"Tsiyi",,"Ewe","TG","Togo",
23107,"Xixarro",,"Portuguese","BR","Brazil",38265
23107,"Xixarro-branco",,"Portuguese","BR","Brazil",38265
23107,"Xixarro-de-olho-grande",,"Portuguese","BR","Brazil",38265
23107,"Xixarro-pintado",,"Portuguese","BR","Brazil",38265
23107,"??????-????","Sigara-ryba","Russian","RU","Russian Fed",48321
23107,"???????? ???????","Stavrida kruglaya","Russian","RU","Russian Fed",48321
23107,"????","Sang shi yuan shen","Mandarin Chinese","CN","China Main",58108
23107,"????",,"Mandarin Chinese","CN","China Main",31517
23107,"????","Hei dian yuan shen","Mandarin Chinese","CN","China Main",58108
23107,"????","Hei dian yuan shen","Mandarin Chinese","CN","China Main",31517
23881,"Anak bong",,"Maranao/Samal/Tao Sug","PH","Philippines",31411
23881,"Bái shé wei jia shen",,"Mandarin Chinese","CN","China Main",11230
23881,"Ba-ulo",,"Hiligaynon","PH","Philippines",31411
23881,"Betek",,"Malay","MY","Malaysia",5756
23881,"Buli",,"Hiligaynon","PH","Philippines",31411
23881,"Buli-buli",,"Hiligaynon","PH","Philippines",31411
23881,"Cá Hi?u mi?ng den",,"Vietnamese","VN","Viet Nam",46893
23881,"Caramelo",,"Spanish","EC","Ecuador",40498
23881,"Carangue à bouche blanche",,"French","FR","France",81519
23881,"Carangue langue blanche",,"French","FR","France",9283
23881,"Carangue striée",,"French","PF","Fr Polynesia",4795
23881,"Carangue-coton",,"French","FR","France",37184
23881,"Cottonmouth jack",,"English",,"Hawaii",4887
23881,"daba ni dabi",,"Fijian","FJ","Fiji",79890
23881,"Deyayo",,"Arabic","BH","Bahrain",3287
23881,"Dobe ulua",,"Hawaiian",,"Hawaii",4887
23881,"Gis-e-dahan-sefid",,"Persian","IR","Iran",47613
23881,"Hei miàn bái yú",,"Mandarin Chinese","CN","China Main",11230
23881,"Hvidmundet hestemakrel",,"Danish","DK","Denmark",51471
23881,"Istah putih",,"Chavacano","PH","Philippines",31411
23881,"Jack",,"English","US","USA",30426
23881,"Jurel lengua blanca",,"Spanish","MX","Mexico",52299
23881,"Jurel lengua blanca",,"Spanish","MX","Mexico",27736
23881,"Jurel lengua blanca",,"Spanish","ES","Spain",9283
23881,"Kalobe",,"Maranao/Samal/Tao Sug","PH","Philippines",2858
23881,"Kawrè",,"Susu","GN","Guinea",13697
23881,"Lawayan",,"Waray-waray","PH","Philippines",31411
23881,"Lawihan",,"Tagalog","PH","Philippines",47573
23881,"Lupo",,"Tonga","TO","Tonga",84348
23881,"Mahinlo",,"Cebuano","PH","Philippines",31411
23881,"Mamsa",,"Cebuano","PH","Philippines",31411
23881,"Mamsa",,"Davawenyo","PH","Philippines",43437
23881,"Matang pusa",,"Kuyunon","PH","Philippines",31411
23881,"Min-jong-gaeng-i",,"Korean","KR","Korea Rep",11230
23881,"Nagboboguel",,"Ilokano","PH","Philippines",2858
23881,"Okiaji",,"Japanese","JP","Japan",559
23881,"Oki-aji",,"Japanese","JP","Japan",11230
23881,"Paia",,"Tahitian",,"Tahiti",13767
23881,"Pampano",,"Tagalog","PH","Philippines",31411
23881,"Piaka",,"Tagalog","PH","Philippines",31411
23881,"Sagai",,"Malay","MY","Malaysia",85449
23881,"Sagai mulut putih ",,"Malay","MY","Malaysia",85449
23881,"Salay-salay",,"Tagalog","PH","Philippines",2858
23881,"Sall",,"Arabic","OM","Oman",6365
23881,"Sebo",,"Tagalog","PH","Philippines",2858
23881,"Tagiptipon",,"Bikol","PH","Philippines",31411
23881,"Talakitok",,"Tagalog","PH","Philippines",47573
23881,"Talakitok",,"Agutaynen","PH","Philippines",31411
23881,"Tarakito",,"Chavacano","PH","Philippines",31411
23881,"Tarakitok",,"Ilokano","PH","Philippines",31411
23881,"Tarokotokan",,"Ilokano","PH","Philippines",2858
23881,"Tiñosa blanca",,"Spanish","CU","Cuba",3287
23881,"Trevally",,"English","TO","Tonga",84348
23881,"Ulua lauli",,"Hawaiian",,"Hawaii",4887
23881,"Volantin",,"Spanish","CU","Cuba",3287
23881,"White mouth crevalle",,"English","VN","Viet Nam",46893
23881,"White tongued crevalle",,"English","PH","Philippines",47573
23881,"White-mouth crenalle",,"English","IN","India",6867
23881,"White-mouth crevalle",,"English","MY","Malaysia",85449
23881,"Whitemouth jack ",,"English","MY","Malaysia",85449
23881,"Whitemouth jack",,"English","PH","Philippines",31411
23881,"Whitemouth jack",,"English","GB","UK",171
23881,"Whitemouth jack",,"English","US","USA",52299
23881,"Whitetongue crevalle",,"English","JP","Japan",11230
23881,"Whitetongue jack",,"English","FM","Micronesia",37816
23881,"Whitetongue jack",,"English","GB","UK",30573
23881,"Whitetongue Jack",,"English","SH","St Helena",5288
23881,"White-tongue jack",,"English","MY","Malaysia",85449
23881,"Whitetongued crevalle",,"English","MP","N Marianas",53190
23881,"????","Minjeongaengi","Korean","KR","Korea Rep",77001
23881,"??","Chong shen","Mandarin Chinese","CN","China Main",58108
23881,"??","chong shen","Mandarin Chinese","TW","Taiwan",31517
23881,"??","Gua zai","Mandarin Chinese","CN","China Main",58108
23881,"??","gua zai","Mandarin Chinese","TW","Taiwan",31517
23881,"?????","bai she wei jia shen","Mandarin Chinese","CN","China Main",31517
23881,"?????","bai she wei jia shen","Mandarin Chinese","TW","Taiwan",31517
23881,"?????","Bai she wei jia shen","Mandarin Chinese","CN","China Main",58108
23881,"???","bai she can","Mandarin Chinese","CN","China Main",31517
23881,"???","Bai she can","Mandarin Chinese","CN","China Main",58108
23898,"Alopias megalomatos",,"Greek","GR","Greece",41475
23898,"Azotador",,"Spanish","UY","Uruguay",54736
23898,"Big eye thresher shark",,"English","MT","Malta",39819
23898,"Big-eye shark",,"English","GB","UK",5969
23898,"Bigeye Thresher",,"English","CU","Cuba",54206
23898,"Bigeye thresher ",,"English","MY","Malaysia",85449
23898,"Bigeye thresher",,"English","AU","Australia",6871
23898,"Bigeye thresher",,"English","NZ","New Zealand",26346
23898,"Bigeye thresher",,"English","PH","Philippines",31411
23898,"Bigeye thresher",,"English","PT","Azores Is",35204
23898,"Bigeye thresher",,"English","ZA","South Africa",6583
23898,"Bigeye thresher",,"English","ES","Spain",52690
23898,"Bigeye thresher",,"English","GB","UK",83882
23898,"Bigeye thresher",,"English","US","USA",52299
23898,"Bigeye thresher shark",,"English","US","USA",35205
23898,"Bigeye tresher",,"English","UY","Uruguay",54736
23898,"Big-eyed thresher",,"English","GB","UK",54735
23898,"Cá Nhàm duôi dài m?t to",,"Vietnamese","VN","Viet Nam",55784
23898,"Cação-raposa-olho-grande",,"Portuguese","BR","Brazil",42071
23898,"Coleto",,"Spanish","ES","Canary Is",6808
23898,"Coludo cebucano",,"Spanish","MX","Mexico",38551
23898,"Grootoog-sambokhaai",,"Afrikaans","ZA","South Africa",6583
23898,"Grootoogvoshaai",,"Dutch","NL","Netherlands",43454
23898,"Großäugiger Drescherhai",,"German","DE","Germany",5969
23898,"Großäugiger Fuchshai",,"German","DE","Germany",5969
23898,"Guilla d'ulls grossos",,"Catalan","ES","Spain",57922
23898,"Hachiware",,"Japanese","JP","Japan",559
23898,"Hiu lancur",,"Bali","ID","Indonesia",58048
23898,"Hiu monyet",,"Bali","ID","Indonesia",58048
23898,"Hiu tikus",,"Bali","ID","Indonesia",58048
23898,"Jarjur",,"Arabic","OM","Oman",6365
23898,"Karibiankettuhai",,"Finnish","FI","Finland",7494
23898,"Long-tailed shark",,"English","GB","UK",5969
23898,"Mano hi'uka",,"Hawaiian",,"Hawaii",58302
23898,"Mano laukahi'u",,"Hawaiian",,"Hawaii",58302
23898,"Paitan",,"Bahasa Indonesia","ID","Indonesia",58048
23898,"Pating",,"Maranao/Samal/Tao Sug","PH","Philippines",31411
23898,"Peixe-raposo",,"Portuguese","AO","Angola",3166
23898,"Peixe-rato",,"Portuguese","AO","Angola",3166
23898,"Pejerrabo",,"Spanish","ES","Canary Is",6808
23898,"Pesce volpe occhio grosso",,"Italian","IT","Italy",171
23898,"Pez zorro",,"Spanish","CU","Cuba",35205
23898,"Qatwa albahar",,"Arabic","OM","Oman",6365
23898,"Raposo-de-olhos-grandes",,"Portuguese","PT","Portugal",26999
23898,"Renard à gros yeux",,"French","FR","France",82178
23898,"Requin-renard à gros yeux",,"French","FR","France",50675
23898,"Storögd Rävhaj",,"Swedish","SE","Sweden",51980
23898,"Storøjet rævehaj",,"Danish","DK","Denmark",51471
23898,"Terng boi suar",,"Malay","MY","Malaysia",85449
23898,"Thresher shark",,"English","MY","Malaysia",85449
23898,"Thresher shark",,"English","GB","UK",5959
23898,"Tiburón zorro",,"Spanish","ES","Spain",5969
23898,"Tiburón zorro de ojo grande",,"Spanish","PE","Peru",5530
23898,"Tomanimanente",,"Malagasy","MG","Madagascar",85553
23898,"Tubarão raposo",,"Portuguese","PT","Azores Is",35204
23898,"Tubarão-raposa de olho grande",,"Portuguese","BR","Brazil",42072
23898,"Tubarão-raposo-olhudo",,"Portuguese","PT","Portugal",26388
23898,"Whiptail",,"English","SH","St Helena",4905
23898,"Yu ekor panjang",,"Malay","MY","Malaysia",85449
23898,"Yu mata besar ",,"Malay","MY","Malaysia",85449
23898,"Zorro",,"Spanish","ES","Canary Is",6808
23898,"Zorro blanco",,"Spanish","ES","Spain",52690
23898,"Zorro de mar",,"Spanish","EC","Ecuador",40498
23898,"Zorro negro",,"Spanish","ES","Spain",39531
23898,"Zorro ojon",,"Spanish","NI","Nicaragua",13613
23898,"Zorro ojón",,"Spanish","CU","Cuba",26340
23898,"Zorro ojón",,"Spanish","MX","Mexico",27736
23898,"Zorro ojón",,"Spanish","ES","Spain",82178
23898,"Zorro olho grande",,"Portuguese","MZ","Mozambique",5213
23898,"Zorro-de-olhos-grandes",,"Portuguese","PT","Portugal",26999
23898,"Žralok mlatec velkooký",,"Czech","CZ","Czech Rep",51055
23898,"???p?a? µe?a??µat??","Alopias megalomatos","Greek","GR","Greece",41475
23898,"???","san niang sha","Mandarin Chinese","TW","Taiwan",31517
23898,"???","San niang sha","Mandarin Chinese","CN","China Main",58108
23898,"?????","da yan chang wei sha","Mandarin Chinese","CN","China Main",31517
23898,"?????","Da yan chang wei sha","Mandarin Chinese","CN","China Main",58108
23898,"????","shen hai hu jiao","Mandarin Chinese","TW","Taiwan",31517
23898,"????","Shen hai hu jiao","Mandarin Chinese","CN","China Main",58108
23898,"?????","Shen hai chang wei sha","Mandarin Chinese","CN","China Main",31517
23898,"?????","Shen hai chang wei sha","Mandarin Chinese","CN","China Main",58108
23898,"???","chang wei sha","Mandarin Chinese","TW","Taiwan",31517
23898,"???","Chang wei sha","Mandarin Chinese","CN","China Main",58108
24787,"Aasianmutakala",,"Finnish","FI","Finland",7494
24787,"Amur mud loach",,"English","RU","Russian Fed",26334
24787,"Amur weatherfish",,"English","RU","Russian Fed",1441
24787,"???????? ????","Amurskii v'yun","Russian","RU","Russian Fed",1441
24787,"Cá Ch?ch bùn",,"Vietnamese","VN","Viet Nam",51882
24787,"Cá diét",,"Vietnamese","KH","Cambodia",4515
24787,"Dojo",,"Tagalog","PH","Philippines",2858
24787,"Dojo",,"English",,"Hawaii",44091
24787,"Dojô",,"Japanese","JP","Japan",559
24787,"Dojou",,"Japanese","JP","Japan",79886
24787,"Japanese loach",,"English","PH","Philippines",81887
24787,"Japanese weatherfish",,"English","IN","India",4832
24787,"Japanese weatherfish",,"English","RU","Russian Fed",1441
24787,"Japanese weatherfish",,"English","US","USA",4537
24787,"Kinesisk smerling",,"Danish","DK","Denmark",51471
24787,"Kinesisk Vejrfisk",,"Danish","DK","Denmark",51471
24787,"Loche asiatique",,"French","FR","France",82178
24787,"Loche d'étang",,"French","FR","France",56807
24787,"Misgurno",,"Spanish","ES","Spain",56807
24787,"Misgurno de Asia",,"Spanish","ES","Spain",82178
24787,"Nai chau",,"Cantonese","HK","Hong Kong",4832
24787,"Oriental weatherfish",,"English","RU","Russian Fed",1441
24787,"Oriental weatherfish",,"English","GB","UK",1739
24787,"Oriental weatherfish",,"English","US","USA",52299
24787,"Oriental weatherfish",,"English",,"Hawaii",44091
24787,"Oriental weatherloach",,"English","AU","Australia",44894
24787,"Ostasiatischer Schlammpeitzger",,"German","DE","Germany",2060
24787,"Pond loach",,"English","TW","Taiwan",40297
24787,"Pond loach",,"English","HK","Hong Kong",4832
24787,"Pond loach",,"English","GB","UK",83882
24787,"U-u",,"Unknown","PH","Philippines",81820
24787,"????????? ????","Vostochnyi  v'yun","Russian","RU","Russian Fed",30503
24787,"Weather  loach",,"English",,"Hawaii",44091
24787,"Weather loach",,"English","AU","Australia",12559
24787,"Weather loach",,"English","PH","Philippines",12157
24787,"Yuyu",,"Ifugao","PH","Philippines",
24787,"????","Dojou","Japanese","JP","Japan",79886
24787,"???","Mikkuri","Korean","KR","Korea Rep",77001
24787,"??","tu ciou","Mandarin Chinese","TW","Taiwan",40116
24787,"??","Tu qiu","Mandarin Chinese","CN","China Main",58108
24787,"??","ni ciou","Mandarin Chinese","CN","China Main",31517
24787,"??","ni ciou","Mandarin Chinese","TW","Taiwan",31517
24787,"??","Ni qiu","Mandarin Chinese","CN","China Main",58108
24787,"??","hu liou","Mandarin Chinese","TW","Taiwan",31517
24787,"??","Hu liu","Mandarin Chinese","CN","China Main",58108
24787,"??","yu liou","Mandarin Chinese","TW","Taiwan",31517
24787,"??","Yu liu","Mandarin Chinese","CN","China Main",58108
24787,"??","yu liou","Mandarin Chinese","TW","Taiwan",31517
24787,"??","Yu liu","Mandarin Chinese","CN","China Main",58108
29523,"Albacore",,"English","AU","Australia",3287
29523,"Albacore",,"English","ZA","South Africa",3287
29523,"Amber fish",,"English","BB","Barbados",27295
29523,"Amber jack",,"English","BB","Barbados",27295
29523,"Amberjack",,"English","UY","Uruguay",54736
29523,"Amberjack",,"English","AU","Australia",6390
29523,"Amberjack",,"English","CU","Cuba",35205
29523,"Amberjack",,"English","US","USA",30426
29523,"Amoureuse grosse",,"French","RE","Reunion",33390
29523,"Arabaiana",,"Portuguese","BR","Brazil",38265
29523,"Arabaiana-pintada",,"Portuguese","BR","Brazil",38265
29523,"Australische",,"German","NA","Namibia",36731
29523,"Australsk ravfisk",,"Danish","DK","Denmark",51471
29523,"Bandit",,"English","AU","Australia",75154
29523,"Bernsteinfisch",,"German","DE","Germany",3383
29523,"Bravo",,"Spanish","CO","Colombia",3287
29523,"Buri",,"Japanese","JP","Japan",3383
29523,"California yellowtail",,"English","AU","Australia",75154
29523,"California yellowtail",,"English","GB","UK",3383
29523,"California yellowtail",,"English","US","USA",3383
29523,"Cape yellowtail",,"English","ZA","South Africa",4332
29523,"Charuteiro-azeite",,"Portuguese","AO","Angola",3166
29523,"Charuteiro-azeite",,"Portuguese","PT","Portugal",3383
29523,"Coronado",,"Spanish","CU","Cuba",35205
29523,"Coronado",,"Spanish","GT","Guatemala",3287
29523,"Dorado de la costa",,"Spanish","CL","Chile",3287
29523,"Esmedregal",,"Spanish","MX","Mexico",26550
29523,"Fortuno",,"Spanish","PE","Peru",5530
29523,"Gelbschwanz",,"German","DE","Germany",3383
29523,"Gelbschwanzmakrele",,"German","DE","Germany",557
29523,"Gelbschwanzmakrele",,"German","NA","Namibia",36731
29523,"Giant yellowtail",,"English","NA","Namibia",36731
29523,"Giant yellowtail",,"English","ZA","South Africa",3197
29523,"Gofi",,"Serbian","CS","Serbia",3383
29523,"Great ambejack",,"English","CU","Cuba",35205
29523,"Haku",,"Maori","NZ","New Zealand",5755
29523,"Hiramasa",,"Japanese","JP","Japan",559
29523,"Hoodlum",,"English","AU","Australia",75154
29523,"Huáng jian niú",,"Mandarin Chinese","CN","China Main",11230
29523,"Huáng tiáo shi",,"Mandarin Chinese","CN","China Main",11230
29523,"Huayaipe",,"Spanish","EC","Ecuador",3287
29523,"Inada",,"Japanese","JP","Japan",3383
29523,"Jenny lind",,"English","CU","Cuba",35205
29523,"Jurel de atleta amarilla",,"Spanish","MX","Mexico",3287
29523,"Jurel de Castilla",,"Spanish","MX","Mexico",3287
29523,"Kaapse geelstert",,"Afrikaans","ZA","South Africa",4332
29523,"Kahala 'opio",,"Hawaiian",,"Hawaii",58302
29523,"Kahu",,"English","AU","Australia",75154
29523,"Kahu",,"Maori","NZ","New Zealand",3287
29523,"Keltapyrstöpiikki",,"Finnish","FI","Finland",6401
29523,"King amberjack",,"English","AU","Australia",3287
29523,"King fish",,"English","PF","Fr Polynesia",4821
29523,"Kingfish",,"English","AU","Australia",6390
29523,"Kingfish",,"English","NZ","New Zealand",5755
29523,"Kingie",,"English","AU","Australia",6390
29523,"Kpindjikpankpan",,"Fon GBE","BJ","Benin",6315
29523,"Liche",,"French","PF","Fr Polynesia",4795
29523,"Ma`aki",,"Rapa","PF","Fr Polynesia",6784
29523,"Madregal rabo amarillo",,"Spanish","MX","Mexico",52299
29523,"Maga",,"Tagbanwa Calamian","PH","Philippines",31411
29523,"Maglatiko",,"Greek","GR","Greece",3383
29523,"Malahau koni igu",,"Gela","SB","Solomon Is",26367
29523,"Matavai",,"Tahitian",,"Tahiti",4795
29523,"Medregal australíano",,"Spanish","ES","Spain",39531
29523,"Medregal de rabo amarillo",,"Spanish","MX","Mexico",27736
29523,"Medregal del Cabo",,"Spanish","NI","Nicaragua",13613
29523,"Medregal rabo amarillo",,"Spanish","ES","Spain",82178
29523,"Northern kingfish",,"English","NZ","New Zealand",9258
29523,"Olhete",,"Portuguese","BR","Brazil",3287
29523,"Olho-de-boi",,"Portuguese","BR","Brazil",7145
29523,"Orhani",,"Serbian","CS","Serbia",3383
29523,"Peixe-azeite",,"Portuguese","AO","Angola",3166
29523,"Peixe-limão",,"Portuguese","AO","Angola",3166
29523,"Perico",,"Spanish","PE","Peru",5530
29523,"Pez limón",,"Spanish","UY","Uruguay",54736
29523,"Pitangola",,"Portuguese","BR","Brazil",38265
29523,"Pu-shi-ri",,"Korean","KR","Korea Rep",11230
29523,"Reuse geelstert",,"Afrikaans","NA","Namibia",36731
29523,"Reuse geelstert",,"Afrikaans","ZA","South Africa",3197
29523,"Ricciola",,"Italian","IT","Italy",3383
29523,"Ricciola australiana",,"Italian","IT","Italy",3383
29523,"Ricciola del Pacifico",,"Italian","IT","Italy",82057
29523,"Sari kuyruk",,"Turkish","TR","Turkey",3383
29523,"Seriola lalanda",,"Polish","PL","Poland",6313
29523,"Sériole chicard",,"French","FR","France",82178
29523,"Sériole chicard",,"French","FR","France",171
29523,"Sériole chinchard",,"French","FR","France",36731
29523,"Serviola",,"Spanish","ES","Spain",3383
29523,"Silver king",,"English","AU","Australia",3287
29523,"Southern yellowtail",,"English","AU","Australia",6390
29523,"Tapiranga",,"Portuguese","BR","Brazil",54972
29523,"Tapireça",,"Portuguese","BR","Brazil",42062
29523,"Tapireçá",,"Portuguese","BR","Brazil",38265
29523,"Tasmanian yellowtail",,"English","AU","Australia",75154
29523,"Torema",,"Spanish","CL","Chile",52084
29523,"Urubaiana",,"Portuguese","BR","Brazil",38265
29523,"Vidriola",,"Spanish","CL","Chile",52084
29523,"Xaréu rabo amarelo",,"Portuguese","MZ","Mozambique",5213
29523,"Yellowtail",,"English","AU","Australia",52790
29523,"Yellowtail",,"English","CA","Canada",11980
29523,"Yellowtail",,"English",,"Can Br Colum",11980
29523,"Yellowtail",,"English","NZ","New Zealand",5755
29523,"Yellowtail",,"English","SH","St Helena",4905
29523,"Yellowtail",,"English","ZA","South Africa",3287
29523,"Yellowtail",,"English","US","USA",3814
29523,"Yellowtail amberjack",,"English","AU","Australia",75154
29523,"Yellowtail amberjack",,"English","GB","UK",83882
29523,"Yellowtail jack",,"Spanish","MX","Mexico",52299
29523,"Yellowtail kingfish",,"English",,"Hawaii",58302
29523,"Yellowtail kingfish",,"English","AU","Australia",9563
29523,"Yellowtail kingfish",,"English","AU","Australia",50831
29523,"Yellowtail kingfish",,"English","SB","Solomon Is",26367
29523,"Yellowtail kingfish",,"English","NZ","New Zealand",9258
29523,"Yellowtail kingfish",,"English","GB","UK",3383
29523,"???","Busiri","Korean","KR","Korea Rep",77001
29523,"???","Lan bei shi","Mandarin Chinese","CN","China Main",58108
29523,"???","Lan bei shih","Mandarin Chinese","CN","China Main",31517
29523,"???","Chang bei shih","Mandarin Chinese","CN","China Main",31517
29523,"???","Chang bei shi","Mandarin Chinese","CN","China Main",58108
29523,"?????","Ma she de lan shih","Mandarin Chinese","CN","China Main",31517
29523,"?????","Ma she de lan shi","Mandarin Chinese","CN","China Main",58108
29523,"???","huang wei shih","Mandarin Chinese","CN","China Main",31517
29523,"???","huang tiao shih","Mandarin Chinese","CN","China Main",31517
29523,"???","Huang wei shi","Mandarin Chinese","CN","China Main",58108
29523,"???","Huang tiao shi","Mandarin Chinese","CN","China Main",58108
58485,"Al karch",,"Arabic","MA","Morocco",171
58485,"Almindelig makohaj",,"Danish","DK","Denmark",51471
58485,"Amlez",,"Hebrew","IL","Israel",171
58485,"Anequim",,"Portuguese","PT","Portugal",84426
58485,"Anequim",,"Portuguese","BR","Brazil",38265
58485,"Anequim",,"Portuguese","CV","Cape Verde",27000
58485,"Anequin barbatana curta",,"Portuguese","MZ","Mozambique",5213
58485,"Aozame",,"Japanese","JP","Japan",11083
58485,"Aso-polota",,"Samoan","WS","Samoa",592
58485,"Atlantic mako",,"English","CU","Cuba",35205
58485,"Atlantic mako",,"English","GB","UK",3383
58485,"Atunero",,"Spanish","ES","Spain",5969
58485,"Blauhai",,"German","DE","Germany",5969
58485,"Bleu pointu",,"French","MU","Mauritius",5503
58485,"Blue pointer",,"English","ID","Indonesia",58048
58485,"Blue pointer",,"English","AU","Australia",6871
58485,"Blue pointer",,"English","US","USA",13121
58485,"Blue shark",,"English","MU","Mauritius",5503
58485,"Bonito shark",,"English","GB","UK",3383
58485,"Cá Nhám mõm nh?m",,"Vietnamese","VN","Viet Nam",55784
58485,"Cação-anequim ",,"Portuguese","BR","Brazil",54964
58485,"Cação-atum",,"Portuguese","BR","Brazil",42062
58485,"Cação-atun",,"Portuguese","BR","Brazil",54970
58485,"Cação-moro",,"Portuguese","BR","Brazil",54964
58485,"Cagna",,"Italian","IT","Italy",26335
58485,"Cagnizzo",,"Italian","IT","Italy",26335
58485,"Canavar baligi",,"Turkish","TR","Turkey",41476
58485,"Cane de mare",,"Spanish","CU","Cuba",35205
58485,"Cane de mare",,"Spanish","ES","Spain",5969
58485,"Canesca",,"Italian","IT","Italy",26335
58485,"Cani di mari",,"Italian","IT","Italy",26335
58485,"Caniscu",,"Italian","IT","Italy",26335
58485,"Carcharias",,"Greek","GR","Greece",171
58485,"Carito",,"Spanish","CO","Colombia",36754
58485,"Cawar",,"Somali","SO","Somalia",30573
58485,"Chlarm",,"Khmer","KH","Cambodia",31154
58485,"Ch'ong-sang-a-ri",,"Korean","KR","Korea Rep",11230
58485,"Cranicia",,"Italian","IT","Italy",26335
58485,"Deeba",,"Arabic","EG","Egypt",171
58485,"Dentuda",,"Spanish","CU","Cuba",35205
58485,"Dentuse",,"Spanish","CU","Cuba",35205
58485,"Diamante",,"Spanish","ES","Spain",5969
58485,"Dientuse",,"Spanish","CU","Cuba",35205
58485,"Dientuso",,"Spanish","ES","Spain",5969
58485,"Dientuso azul",,"Spanish","CU","Cuba",26340
58485,"Dikburun",,"Turkish","TR","Turkey",3383
58485,"Dikburuncanavar baligi",,"Turkish","TR","Turkey",41476
58485,"Dog shark",,"English","SH","St Helena",4905
58485,"Ganumu sora",,"Telugu","IN","India",30353
58485,"Ganumu sorrah",,"Tamil","IN","India",30353
58485,"Ganumu-sorrah",,"Tamil","IN","India",6867
58485,"Gisandoo",,"Wolof","SN","Senegal",30556
58485,"Guissando",,"Wolof","SN","Senegal",56247
58485,"Haai",,"Dutch","SR","Suriname",26556
58485,"Haringhaai",,"Dutch","NL","Netherlands",3383
58485,"Hiu anjing",,"Bahasa Indonesia","ID","Indonesia",58048
58485,"Hiu kakap",,"Bahasa Indonesia","ID","Indonesia",58048
58485,"Hiu mako",,"Bahasa Indonesia","ID","Indonesia",58048
58485,"Hiu tenggiri",,"Bahasa Indonesia","ID","Indonesia",58048
58485,"Hui qing sha",,"Mandarin Chinese","CN","China Main",11230
58485,"Janequín",,"Spanish","ES","Canary Is",6808
58485,"Jerung",,"Malay","MY","Malaysia",85449
58485,"Jerung-mako sirip pendek ",,"Malay","MY","Malaysia",85449
58485,"Kooseh-e-vahshi",,"Persian","IR","Iran",47533
58485,"Kortvin-mako",,"Afrikaans","NA","Namibia",36731
58485,"Kortvin-mako",,"Afrikaans","ZA","South Africa",6581
58485,"Kortvinmakreelhaai",,"Dutch","NL","Netherlands",43454
58485,"Kucak",,"Croatian","HR","Croatia",58723
58485,"Kucina",,"Serbian","CS","Serbia",3383
58485,"Kucina",,"Serbian","ME","Montenegro",84426
58485,"Kucina",,"Serbian","CS","Serbia",84426
58485,"Kurzflossen-Mako",,"German","DE","Germany",58723
58485,"Kurzflossen-Makohai",,"German","DE","Germany",58723
58485,"Lamie",,"French","FR","France",5969
58485,"Mackerel porbeagle",,"English","CU","Cuba",35205
58485,"Mackerel shark",,"English","ID","Indonesia",58048
58485,"Mackerel shark",,"English","GB","UK",84426
58485,"Mackerel shark",,"English","AU","Australia",6871
58485,"Mackerel shark",,"English","SH","St Helena",5288
58485,"Mackerel shark",,"English","US","USA",35205
58485,"Maco",,"Spanish","ES","Spain",5969
58485,"Mako",,"Tahitian",,"Tahiti",58996
58485,"Mako",,"Italian","IT","Italy",58723
58485,"Mako",,"Spanish","MX","Mexico",52299
58485,"Mako",,"English","GB","UK",54735
58485,"Mako",,"English","BS","Bahamas",5521
58485,"Mako",,"Portuguese","BR","Brazil",42072
58485,"Mako",,"French","FR","France",171
58485,"Mako",,"German","DE","Germany",3383
58485,"Mako",,"Creole, French","MU","Mauritius",5503
58485,"Mako",,"English","MU","Mauritius",5503
58485,"Mako",,"English","AN","NethAntilles",35205
58485,"Mako",,"English","NZ","New Zealand",26346
58485,"Mako",,"Maori","NZ","New Zealand",5755
58485,"Mako",,"Spanish","PE","Peru",5530
58485,"Mako",,"English","PT","Azores Is",35204
58485,"Mako",,"English","PR","Puerto Rico",35205
58485,"Mako",,"Swedish","SE","Sweden",48591
58485,"Mako",,"English","US","USA",35205
58485,"Mako paala",,"Niuean","NU","Niue",3804
58485,"Mako shark",,"English","ID","Indonesia",58048
58485,"Mako shark",,"English","AU","Australia",6871
58485,"Mako shark",,"English","NZ","New Zealand",9258
58485,"Mako shark",,"English","NU","Niue",3804
58485,"Mako shark",,"English","US","USA",13121
58485,"Makohai",,"German","DE","Germany",5969
58485,"Makrelenhai",,"German","DE","Germany",3383
58485,"Makrelhaj",,"Danish","DK","Denmark",6302
58485,"Makrellhai",,"Norwegian","NO","Norway",3383
58485,"Makrillhaj",,"Swedish","SE","Sweden",3383
58485,"Makrillihai",,"Finnish","FI","Finland",3383
58485,"Ma'o aahi",,"Tahitian",,"Tahiti",58996
58485,"Ma'o a'ahi",,"Tahitian",,"Tahiti",13767
58485,"Marache",,"French","FR","France",171
58485,"Marracho",,"Portuguese","CV","Cape Verde",27000
58485,"Marracho",,"Portuguese","PT","Azores Is",35204
58485,"Marracho-azul",,"Portuguese","PT","Portugal",26999
58485,"Marrajo",,"Spanish","CL","Chile",52084
58485,"Marrajo",,"Spanish","ES","Spain",39531
58485,"Marrajo",,"Spanish","ES","Canary Is",6808
58485,"Marrajo dientuso",,"Spanish","NI","Nicaragua",13613
58485,"Marrajo dientuso",,"Spanish","ES","Spain",82178
58485,"Meanto",,"Italian","IT","Italy",26335
58485,"Meikotsu",,"Japanese","JP","Japan",3383
58485,"Moro",,"Spanish","UY","Uruguay",54736
58485,"Moro shark",,"English","UY","Uruguay",54736
58485,"Moussodji",,"Unknown","CG","Congo Rep",56247
58485,"Muanto",,"Italian","IT","Italy",26335
58485,"Ngutukao",,"Maori","NZ","New Zealand",26346
58485,"Ossirina",,"Italian","IT","Italy",3383
58485,"Oxyrhine",,"French","FR","France",84426
58485,"Papa nyamarasi",,"Swahili","TZ","Tanzania",2871
58485,"Papa nyamzani",,"Swahili","TZ","Tanzania",2871
58485,"Papa sumbwi",,"Swahili","TZ","Tanzania",2871
58485,"Pating",,"Tagalog","PH","Philippines",2857
58485,"Peau bleue",,"Creole, French","MU","Mauritius",5503
58485,"Peixe-ruim",,"Portuguese","CV","Cape Verde",27000
58485,"Pesce tondo",,"Spanish","CU","Cuba",35205
58485,"Peshkagen tonil",,"Albanian","AL","Albania",33798
58485,"Peshkaqen tonil",,"Albanian","AL","Albania",39227
58485,"Pisci tunnu",,"Italian","IT","Italy",26335
58485,"Pixxiplamptu",,"Maltese","MT","Malta",33971
58485,"Pixxitondu",,"Maltese","MT","Malta",33971
58485,"Pointed nose shark",,"English","GY","Guyana",35205
58485,"Psina du gonasa",,"Serbian","CS","Serbia",3383
58485,"Qarsh",,"Arabic","LB","Lebanon",32888
58485,"Rechin macrou",,"Rumanian","RO","Romania",39152
58485,"Rekin ostronosy",,"Polish","PL","Poland",6313
58485,"Requin bleu",,"French","MU","Mauritius",5503
58485,"Requin mako",,"French","FR","France",50675
58485,"Requin maquereau",,"French","MU","Mauritius",5503
58485,"Requin maquereau",,"French","SN","Senegal",30556
58485,"Requin taupe bleu",,"French","PF","Fr Polynesia",58996
58485,"Requin-taupe bleu",,"French","FR","France",3383
58485,"Requin-tigre",,"Creole, French","MU","Mauritius",33390
58485,"Rinquim",,"Portuguese","PT","Azores Is",35204
58485,"Rynchocarcharias",,"Greek","GR","Greece",171
58485,"Rynchokarcharias",,"Greek","GR","Greece",41475
58485,"Sartji",,"Sranan","SR","Suriname",26556
58485,"Sharpnose mackerel shark",,"English","GY","Guyana",35205
58485,"Sharpnose mackerel shark",,"English","TT","Trinidad Tob",35205
58485,"Sharp-nose mackerel shark",,"English","GB","UK",3383
58485,"Sharp-nosed mackerel shark",,"English","GB","UK",5969
58485,"Sharp-nosed shark",,"English","GY","Guyana",35205
58485,"Sharp-nosed shark",,"English","TT","Trinidad Tob",35205
58485,"Shortfin Mako",,"English","CU","Cuba",54206
58485,"Shortfin mako ",,"English","MY","Malaysia",85449
58485,"Shortfin mako",,"English","AU","Australia",2334
58485,"Shortfin mako",,"English","IN","India",6867
58485,"Shortfin mako",,"English","MT","Malta",41523
58485,"Shortfin mako",,"English","NZ","New Zealand",26346
58485,"Shortfin mako",,"English","PG","Papua N Guin",6993
58485,"Shortfin mako",,"English","PT","Azores Is",35204
58485,"Shortfin mako",,"English","SH","St Helena",5288
58485,"Shortfin mako",,"English","ZA","South Africa",6581
58485,"Shortfin mako",,"English","GB","UK",83882
58485,"Shortfin mako",,"English","US","USA",52299
58485,"Shortfin shark",,"English","IN","India",30353
58485,"Sidi",,"Wolof","SN","Senegal",56247
58485,"Sildehaj",,"Danish","DK","Denmark",3383
58485,"Sivriburuncanavar baligi",,"Turkish","TR","Turkey",41476
58485,"Skyllopsaro",,"Greek","CY","Cyprus",171
58485,"Snapper shark",,"English","ID","Indonesia",58048
58485,"Snapper shark",,"English","AU","Australia",6871
58485,"Solraig",,"Catalan","ES","Spain",35117
58485,"Sombreiro",,"Portuguese","BR","Brazil",42072
58485,"Spitssnuitmakreelhaai",,"Dutch","AN","NethAntilles",35205
58485,"Squalo mako",,"Italian","IT","Italy",26335
58485,"Squalo mako",,"Italian","MT","Malta",41523
58485,"Taupe bleu",,"French","FR","France",171
58485,"Taupe bleue",,"French","FR","France",82178
58485,"Taupe bleue",,"French","FR","France",26999
58485,"Tiburón",,"Spanish","CL","Chile",52084
58485,"Tiburón azujelo",,"Spanish","ES","Spain",5969
58485,"Tiburón bonito",,"Spanish","PE","Peru",5530
58485,"Tiburón bonito",,"Spanish","ES","Spain",5969
58485,"Tiburon carite",,"Spanish","PR","Puerto Rico",35205
58485,"Tiburón carite",,"Spanish","PR","Puerto Rico",58971
58485,"Tiburón carite",,"Spanish","VE","Venezuela",51848
58485,"Tiburón carito",,"Spanish","ES","Spain",5969
58485,"Tiburón marrajo",,"Spanish","MX","Mexico",27736
58485,"Tinto",,"Spanish","EC","Ecuador",40498
58485,"Tinto",,"Spanish","ES","Spain",5969
58485,"Tribon blou",,"Papiamento","AN","NethAntilles",35205
58485,"Tribon mula",,"Papiamento","AN","NethAntilles",35205
58485,"Tubarão",,"Creole, Portuguese","CV","Cape Verde",27000
58485,"Tubarao-anequim",,"Portuguese","PT","Portugal",3383
58485,"Tubarão-anequim",,"Portuguese","CV","Cape Verde",27000
58485,"Tubarão-anequim",,"Portuguese","PT","Portugal",26388
58485,"Tubarão-azul",,"Creole, Portuguese","CV","Cape Verde",27000
58485,"Tubarão-sombreiro",,"Portuguese","BR","Brazil",38265
58485,"Tunnu palamitu",,"Italian","IT","Italy",26335
58485,"Walandol",,"Serer","SN","Senegal",56247
58485,"Žralok mako krátkoploutvý",,"Czech","CZ","Czech Rep",51055
58485,"?a??a??a?","Karcharias","Greek","GR","Greece",9057
58485,"??????a??a??a?","Rygchokarcharias","Greek","GR","Greece",41475
58485,"S?????a??","Skylopsaro","Greek","GR","Greece",9057
58485,"???????",,"Tamil","IN","India",
58485,"????? ????",,"Tamil","IN","India",
58485,"????","Cheongsangai","Korean","KR","Korea Rep",77001
58485,"????","jian wun cing sha","Mandarin Chinese","CN","China Main",31517
58485,"????","Jian wen qing sha","Mandarin Chinese","CN","China Main",58108
58485,"???","huei cing jiao","Mandarin Chinese","TW","Taiwan",31517
58485,"???","huei cing sha","Mandarin Chinese","CN","China Main",31517
58485,"???","Hui qing jiao","Mandarin Chinese","CN","China Main",58108
58485,"???","Hui qing sha","Mandarin Chinese","CN","China Main",58108
58485,"???","Yan zai sha","Mandarin Chinese","CN","China Main",58108
58485,"???","yan zai sha","Mandarin Chinese","TW","Taiwan",31517
58485,"???","ma jia sha","Mandarin Chinese","TW","Taiwan",31517
58485,"???","Ma jia sha","Mandarin Chinese","CN","China Main",58108
112090,"Adolfo's Panzerwels",,"German","DE","Germany",2059
112090,"Adolf's catfish",,"English","US","USA",37395
112090,"Rusomonninen",,"Finnish","FI","Finland",51086
112090,"?????","A dao fu bing nian","Mandarin Chinese","CN","China Main",31517
112090,"?????","A dao fu bing nian","Mandarin Chinese","CN","China Main",58108
